Filename,rc,nbeads,del_t,total_iter,Other specified parameters
config_0.json,1.8083696783042038,20,1.031946872696178,1200,Other values
config_1.json,1.7865787702009555,20,0.6397113773840378,1200,Other values
config_2.json,1.50265612522473,15,1.1792861151491727,1800,Other values
config_3.json,1.9360283532530034,20,0.6566589904393529,1200,Other values
config_4.json,1.4298142186887186,20,0.6139379575572153,1500,Other values
