state i bits,state j bits,layer,inner fpt,outer fpt
1000000110,1010000110,3,0.01467990517978083,76.22889766632863
