state i bits,state j bits,layer,inner fpt,outer fpt
1000000110,1010000110,3,0.013693604162220083,97.90413798973694
