ID,count,mean,var,percent_rel_e
sbias,2,6.918988353370564,0.0008425655068995837,0.012177582384412173
inner_mfpts,2,0.0141867546710004,2.431974243103675e-07,0.0017142569245064566
outer_mfpts,2,87.06651782803279,117.45401076937632,134.90146809518973
